Timestamp,LAST NAME (ALL CAPS) - OPTIONAL,FIRST NAME (ALL CAPS)  - OPTIONAL,Did you pass the UPCA? ,In which course did you pass? (kindy fill-in the exact name of the course as seen in the letter in ALL CAPS),My above course is my ___ choice.,In which campus?,Is it your first campus choice?,Will you pursue UP?,"If not, then at what University do you plan to study?",In which course are you waitlisted? (kindy fill-in the exact name of the course as seen in the letter in ALL CAPS),In what campus?,In what campus?
7/15/2021 18:07:31,SOBERANO,DANIKA,No,,,,,,,,,
7/15/2021 18:07:43,RUIZ,,No,,,,,,,,,
7/15/2021 18:07:46,,,No,,,,,,,,,
7/15/2021 18:07:49,,,No,,,,,,,,,
7/15/2021 18:08:09,,,No,,,,,,,,,
7/15/2021 18:08:32,,,No,,,,,,,,,
7/15/2021 18:08:34,PAANO,JAMES,No,,,,,,,,,
7/15/2021 18:08:49,,,No,,,,,,,,,
7/15/2021 18:08:54,,,No,,,,,,,,,
7/15/2021 18:09:58,,,No,,,,,,,,,
7/15/2021 18:10:01,,,Yes,BS ARCHITECTURE,1st Degree,UP MINDANAO,No,yes,,,,
7/15/2021 18:10:16,,,No,,,,,,,,,
7/15/2021 18:15:29,SILAO,ALTHEA GWYNETH,DPWAS (learn more at: https://www.reddit.com/r/peyups/comments/b8hqbl/help_what_is_dpwas/),,,,,,,,,UP VISAYAS
7/15/2021 18:15:44,,,No,,,,,,,,,
7/15/2021 18:16:40,,,DPWAS (learn more at: https://www.reddit.com/r/peyups/comments/b8hqbl/help_what_is_dpwas/),,,,,,,,,UP VISAYAS
7/15/2021 18:16:47,,,DPWAS (learn more at: https://www.reddit.com/r/peyups/comments/b8hqbl/help_what_is_dpwas/),,,,,,,,,UP ILOILO
7/15/2021 18:16:48,,,No,,,,,,,,,
7/15/2021 18:18:54,,,No,,,,,,,,,
7/15/2021 18:18:55,,,Waitlisted,,,,,,,BS APPLIED MATHEMATICS,UP MINDANAO,UP MINDANAO
7/15/2021 18:19:14,,,No,,,,,,,,,
7/15/2021 18:22:27,,,No,,,,,,,,,
7/15/2021 18:24:12,ESTORCO,JEODVAYN,Waitlisted,,,,,,,BS BIOLOGY,UP CEBU,N/A
7/15/2021 18:26:28,SANGLAY,KEISHA ANGELIE FAYE,No,,,,,,,,,
7/15/2021 18:29:33,DUMANON,GIAN CARLO,No,,,,,,,,,
7/15/2021 18:32:06,,,No,,,,,,,,,
7/15/2021 18:34:27,,,No,,,,,,,,,
7/15/2021 18:34:37,BABYSUN,,No,,,,,,,,,
7/15/2021 18:35:40,,,Yes,"UP LOS BANOS, BS AGRICULTURAL BIOTECHNOLOGY",4th Degree,UP LOS BANOS,No,no,dlsu,,,
7/15/2021 18:35:51,,,Yes,AGRICULTURAL BIOTECHNOLOGY,4th Degree,UP LOS BANOS,No,not sure,ADMU,,,
7/15/2021 18:37:11,ROSEL,JUAN RAFAEL,No,,,,,,,,,
7/15/2021 18:37:20,,,No,,,,,,,,,
7/15/2021 18:38:25,,,No,,,,,,,,,
7/15/2021 18:44:52,VALLESPIN,CHRISTIAN LLOYD,DPWAS (learn more at: https://www.reddit.com/r/peyups/comments/b8hqbl/help_what_is_dpwas/),,,,,,,,,UP VISAYAS
7/15/2021 18:46:29,,,No,,,,,,,,,
7/15/2021 18:46:31,MAQUILING,,No,,,,,,,,,
7/15/2021 18:47:35,ASIS,LYLE GERVIN ,No,,,,,,,,,
7/15/2021 18:49:56,,,DPWAS (learn more at: https://www.reddit.com/r/peyups/comments/b8hqbl/help_what_is_dpwas/),,,,,,,,,UP ILOILO
7/15/2021 18:51:55,GUIRET,SOPHIA RANIELLA D.,No,,,,,,,,,
7/15/2021 18:52:58,,,No,,,,,,,,,
7/15/2021 18:53:52,,,No,,,,,,,,,
7/15/2021 18:59:17,,,No,,,,,,,,,
7/15/2021 19:17:53,,,Yes,BS STATISTICS,3rd Degree,UP ILOILO,No,no,,,,
7/15/2021 19:23:15,MONGADO,JEMUEL ADRIAN ,No,,,,,,,,,
7/15/2021 19:30:49,,,DPWAS (learn more at: https://www.reddit.com/r/peyups/comments/b8hqbl/help_what_is_dpwas/),,,,,,,,,UP ILOILO
7/15/2021 19:37:14,,,No,,,,,,,,,
7/15/2021 19:39:50,,,Yes,BS STATISTICS,5th Degree,UP VISAYAS,No,no,DE LA SALLE UNIVERSITY or VELEZ COLLEGE,,,
7/15/2021 19:45:01,ESTORBA,KYLA ANNE,DPWAS (learn more at: https://www.reddit.com/r/peyups/comments/b8hqbl/help_what_is_dpwas/),,,,,,,,,UP VISAYAS
7/15/2021 20:19:48,,,No,,,,,,,,,
7/15/2021 20:25:56,ABASOLO,,Yes,BS ECONOMICS,1st Degree,UP VISAYAS,No,yes,,,,
7/15/2021 20:28:40,,,No,,,,,,,,,
7/15/2021 20:29:29,,,No,,,,,,,,,
7/15/2021 20:34:48,,,No,,,,,,,,,
7/15/2021 20:47:31,,,No,,,,,,,,,
7/15/2021 21:04:07,PRIETE,,No,,,,,,,,,
7/15/2021 22:59:20,,,No,,,,,,,,,
7/15/2021 23:33:30,,,No,,,,,,,,,
7/16/2021 1:10:29,,,No,,,,,,,,,
7/16/2021 9:55:02,,,No,,,,,,,,,