Timestamp,LAST NAME - optional,FIRST NAME - optional,Did you pass the UPCA? ,In which course did you pass? (kindy fill-in the exact name of the course as seen in the letter in ALL CAPS),My above course is my ___ choice.,In which campus?,Is it your first campus choice?,Will you pursue UP?,"If not, then at what University do you plan to study?",In which course are you waitlisted? (kindy fill-in the exact name of the course as seen in the letter in ALL CAPS),In what campus?,In what campus?
7/15/2021 18:09:09,,,Yes,BS ELECTRICAL ENGINEERING,1st Degree,UP DILIMAN,Yes,yes,,,,
7/15/2021 18:09:26,,,Yes,BS  - ELECTRONICS ENGINEERING,1st Degree,UP DILIMAN,Yes,yes,,,,
7/15/2021 18:10:27,,,Yes,BS FISHERIES,5th Degree,UP VISAYAS,No,no,ADMU,,,
7/15/2021 18:10:43,,,DPWAS (learn more at: https://www.reddit.com/r/peyups/comments/b8hqbl/help_what_is_dpwas/),,,,,,,,,UP ILOILO
7/15/2021 18:10:44,Caranzo,Mark Russell,Yes,BS MOLECULAR BIOLOGY AND BIOTECHNOLOGY,1st Degree,UP DILIMAN,Yes,no,ADMU,,,
7/15/2021 18:11:46,,,Yes,BS BIOLOGY,1st Degree,UP VISAYAS,No,yes,,,,
7/15/2021 18:12:03,Gonzales,,Yes,BS PHYSICS,2nd Degree,UP DILIMAN,Yes,no,--,,,
7/15/2021 18:12:29,,,DPWAS (learn more at: https://www.reddit.com/r/peyups/comments/b8hqbl/help_what_is_dpwas/),,,,,,,,,UP DILIMAN
7/15/2021 18:12:45,,,Yes,BS GEODETIC ENGINEERING,3rd Degree,UP DILIMAN,Yes,yes,,,,
7/15/2021 18:13:11,,,No,,,,,,,,,
7/15/2021 18:14:07,PEÃ‘ALOSA,ISRAEL JOHN,Yes,BS ELECTRONICS ENGINEERING,1st Degree,UP DILIMAN,Yes,no,Ateneo de Manila University,,,
7/15/2021 18:16:34,Deuda,Lyzter John,Yes,BACHELOR OF SCIENCE IN BIOLOGY,2nd Degree,UP VISAYAS,No,no,Ateneo De Manila University,,,
7/15/2021 18:16:37,Latonio,,Yes,BS CLOTHING TECHNOLOGY,1st Degree,UP DILIMAN,Yes,yes,,,,
7/15/2021 18:19:46,,,No,,,,,,,,,
7/15/2021 18:20:06,Ceracas,,Yes,BS FOOD TECHNOLOGY,1st Degree,UP VISAYAS,No,yes,,,,
7/15/2021 18:22:23,,,DPWAS (learn more at: https://www.reddit.com/r/peyups/comments/b8hqbl/help_what_is_dpwas/),,,,,,,,,UP DILIMAN
7/15/2021 18:24:33,,,Yes,BS Biology,1st Degree,Tacloban,No,no,Visayas State University,,,
7/15/2021 18:24:43,,,Yes,BS INDUSTRIAL ENGINEERING,1st Degree,UP DILIMAN,Yes,yes,,,,
7/15/2021 18:26:27,LIMPIADO,,Yes,BS CHEMICAL ENGINEERING,1st Degree,UP DILIMAN,Yes,not sure,,,,
7/15/2021 18:26:47,,,DPWAS (learn more at: https://www.reddit.com/r/peyups/comments/b8hqbl/help_what_is_dpwas/),,,,,,,,,UP LOS BANOS
7/15/2021 18:27:20,,,Waitlisted,,,,,,,BACHELOR OF SCIENCE IN BIOLOGY,UP VISAYAS,
7/15/2021 18:27:59,,,No,,,,,,,,,
7/15/2021 18:28:22,,Ging,Waitlisted,,,,,,,BS PUBLIC HEALTH,UP MANILA,
7/15/2021 18:29:20,Dolina,Angelo Ryan,No,,,,,,,,,
7/15/2021 18:31:40,,,Yes,BS CHEMISTRY,1st Degree,UP DILIMAN,Yes,not sure,ADMU,,,
7/15/2021 18:32:13,,,DPWAS (learn more at: https://www.reddit.com/r/peyups/comments/b8hqbl/help_what_is_dpwas/),,,,,,,,,UP DILIMAN
7/15/2021 18:32:19,,,Yes,BS COMPUTER SCIENCE,1st Degree,UP VISAYAS,No,no,DLSU Manila,,,
7/15/2021 18:32:25,,,Yes,BS PSYCHOLOGY,1st Degree,UP DILIMAN,Yes,not sure,admu,,,
7/15/2021 18:32:31,Merales,Secret,DPWAS (learn more at: https://www.reddit.com/r/peyups/comments/b8hqbl/help_what_is_dpwas/),,,,,,,,,UP DILIMAN
7/15/2021 18:33:10,,,DPWAS (learn more at: https://www.reddit.com/r/peyups/comments/b8hqbl/help_what_is_dpwas/),,,,,,,,,UP DILIMAN
7/15/2021 18:36:12,,,Yes,BS MECHANICAL ENGINEERING,1st Degree,UP DILIMAN,Yes,yes,,,,
7/15/2021 18:40:24,,,No,,,,,,,,,
7/15/2021 18:46:18,,,Yes,BS OCCUPATIONAL THERAPY,3rd Degree,UP MANILA,Yes,no,,,,
7/15/2021 18:47:56,,,Yes,BS Food Technology ,1st Degree,UP VISAYAS,No,yes,,,,
7/15/2021 19:03:26,,,Yes,BS PHARMACEUTICAL SCIENCES ,2nd Degree,UP MANILA,Yes,yes,,,,
7/15/2021 19:04:39,Rosaroso,Paula Franchesca,Yes,BS AGRICULTURAL CHEMISTRY,2nd Degree,UP LOS BANOS,No,no,ADMU,,,
7/15/2021 19:27:56,LACAMBRA,RALPH SAMUEL,Yes,BS COMPUTER SCIENCE,2nd Degree,TACLOBAN,No,no,La Salle,,,
7/15/2021 20:12:36,,,Yes,BS METALLURGICAL ENGINEERING,4th Degree,UP DILIMAN,Yes,yes,,,,
7/15/2021 20:19:35,,,Yes,BS BIOLOGY,1st Degree,UP VISAYAS,No,not sure,,,,
7/15/2021 20:38:20,Optional,Optional,No,,,,,,,,,
7/15/2021 21:16:01,,,Yes,BS COMPUTER ENGINEERING,4th Degree,UP DILIMAN,Yes,no,Ateneo De Manila University,,,
7/15/2021 21:19:56,,,No,,,,,,,,,
7/15/2021 21:20:39,Urmeneta,,Yes,BS COMPUTER ENGINEERING,1st Degree,UP DILIMAN,Yes,yes,,,,
7/16/2021 0:05:54,,,DPWAS (learn more at: https://www.reddit.com/r/peyups/comments/b8hqbl/help_what_is_dpwas/),,,,,,,,,UP DILIMAN
7/16/2021 0:10:47,,,Yes,BS BIOLOGY,1st Degree,UP TACLOBAN,No,not sure,De La Salle University (DLSU),,,
7/16/2021 0:16:07,,,Yes,BS FOOD TECHNOLOGY,2nd Degree,UP VISAYAS,No,yes,,,,
7/16/2021 4:30:47,,,Yes,BS CIVIL ENGINEERING,1st Degree,UP DILIMAN,Yes,not sure,"DLSU, Velez College",,,
7/16/2021 5:53:51,,,Yes,BS CIVIL ENGINEERING,1st Degree,UP DILIMAN,Yes,yes,,,,
7/16/2021 8:08:05,,,DPWAS (learn more at: https://www.reddit.com/r/peyups/comments/b8hqbl/help_what_is_dpwas/),,,,,,,,,UP MANILA
7/16/2021 8:16:18,,,Yes,BS BIOLOGY,4th Degree,UP MANILA,Yes,no,,,,
7/16/2021 14:28:40,,,Yes,BS ELECTRONICS ENGINEERING,1st Degree,UP DILIMAN,Yes,yes,,,,
7/16/2021 18:19:22,f,f,DPWAS (learn more at: https://www.reddit.com/r/peyups/comments/b8hqbl/help_what_is_dpwas/),,,,,,,,,UP DILIMAN
7/16/2021 18:24:30,,,Yes,BS BIOLOGY,5th Degree,UP VISAYAS,No,not sure,,,,
7/16/2021 19:02:49,de Lira,Renz Andrew,Yes,BS CHEMICAL ENGINEERING,1st Degree,UP DILIMAN,Yes,yes,,,,
7/17/2021 10:17:33,,,No,,,,,,,,,