Timestamp,LAST NAME (ALL CAPS) - OPTIONAL,FIRST NAME (ALL CAPS) - OPTIONAL,Did you pass the UPCA? ,In which course did you pass? (kindy fill-in the exact name of the course as seen in the letter in ALL CAPS),My above course is my ___ choice.,In which campus?,Is it your first campus choice?,Will you pursue UP?,"If not, then at what University do you plan to study?",In which course are you waitlisted? (kindy fill-in the exact name of the course as seen in the letter in ALL CAPS),In what campus?,In what campus?
7/15/2021 17:55:38,GUILLEN,LUCKY JENIÑA ,Yes,BS PUBLIC HEALTH,1st Degree,UP MANILA,Yes,not sure,UST,,,
7/15/2021 17:57:57,,,No,,,,,,,,,
7/15/2021 17:58:01,CALUYA,CHRISTINE VERNICE,No,,,,,,,,,
7/15/2021 17:58:09,BOBITA,,No,,,,,,,,,
7/15/2021 17:58:52,,,No,,,,,,,,,
7/15/2021 17:59:04,,,Yes,BS FOOD TECHNOLOGY,4th Degree,UP DILIMAN,Yes,not sure,,,,
7/15/2021 17:59:16,,,Yes,BS Business Administration,2nd Degree,UP DILIMAN,Yes,no,DLSU,,,
7/15/2021 18:00:39,VILLANUEVA,MICHAEL,No,,,,,,,,,
7/15/2021 18:01:41,,,Yes,BS NUTRITION,1st Degree,UP LOS BANOS,No,not sure,UST,,,
7/15/2021 18:02:17,,,No,,,,,,,,,
7/15/2021 18:02:43,,,No,,,,,,,,,
7/15/2021 18:02:44,GOMEZ,,Yes,BS APPLIED PHYSICS,4th Degree,UP DILIMAN,Yes,not sure,Ateneo de Manila University,,,
7/15/2021 18:02:45,,,DPWAS (learn more at: https://www.reddit.com/r/peyups/comments/b8hqbl/help_what_is_dpwas/),,,,,,,,,UP LOS BANOS
7/15/2021 18:02:46,ABIDAY,,Yes,BS COMPUTER SCIENCE,1st Degree,UP LOS BANOS,No,yes,,,,
7/15/2021 18:03:30,FARINAS,HANS JOSHUA,Yes,BS - BIOLOGY,1st Degree,UP DILIMAN,Yes,yes,,,,
7/15/2021 18:03:55,,,DPWAS (learn more at: https://www.reddit.com/r/peyups/comments/b8hqbl/help_what_is_dpwas/),,,,,,,,,UP DILIMAN
7/15/2021 18:06:59,VERGARA,LIAN MARIE,Yes,BS FOOD SCIENCE AND TECHNOLOGY,4th Degree,UP LOS BANOS,No,yes,,,,
7/15/2021 18:08:09,,,Yes,BS FOOD TECHNOLOGY ,3rd Degree,UP DILIMAN,Yes,not sure,,,,
7/15/2021 18:11:38,FORMOSO,,No,,,,,,,,,
7/15/2021 18:12:18,,,No,,,,,,,,,
7/15/2021 18:25:06,,,No,,,,,,,,,
7/15/2021 18:29:32,,,No,,,,,,,,,
7/15/2021 18:29:57,,,Yes,BS BIOLOGY,1st Degree,UP LOS BANOS,Yes,yes,,,,
7/15/2021 18:33:51,,,DPWAS (learn more at: https://www.reddit.com/r/peyups/comments/b8hqbl/help_what_is_dpwas/),,,,,,,,,UP DILIMAN
7/15/2021 18:34:49,LADESMA,GENESIS MAI,Yes,MATERIALS ENGINEERING,3rd Degree,UP DILIMAN,Yes,yes,,,,
7/15/2021 18:36:19,,,Yes,Applied Mathematics,1st Degree,UP LOS BANOS,Yes,no,DLSU,,,
7/15/2021 18:36:25,MARTIN,,No,,,,,,,,,
7/15/2021 18:41:35,,,Waitlisted,,,,,,,BS BIOLOGY,UP MANILA,N/A
7/15/2021 18:46:06,,,DPWAS (learn more at: https://www.reddit.com/r/peyups/comments/b8hqbl/help_what_is_dpwas/),,,,,,,,,UP MANILA
7/15/2021 18:46:22,,,DPWAS (learn more at: https://www.reddit.com/r/peyups/comments/b8hqbl/help_what_is_dpwas/),,,,,,,,,UP LOS BANOS
7/15/2021 18:57:14,FARINAS,LANCE MATTHEW,Yes,BS BIOLOGY,1st Degree,UP DILIMAN,Yes,yes,N/a,,,
7/15/2021 19:00:45,QUINTO,KEEAN,No,,,,,,,,,
7/15/2021 19:09:04,LANUZA,KYLE CIENEL,No,,,,,,,,,
7/15/2021 19:10:36,,,DPWAS (learn more at: https://www.reddit.com/r/peyups/comments/b8hqbl/help_what_is_dpwas/),,,,,,,,,UP MANILA
7/15/2021 19:14:15,,,Yes,BS COMMUNITY NUTRITION,1st Degree,UP DILIMAN,Yes,not sure,UST ,,,
7/15/2021 19:20:49,,,No,,,,,,,,,
7/15/2021 19:29:06,GAVILA,PRINCESS,Yes,BS PUBLIC HEALTH,1st Degree,UP MANILA,Yes,not sure,DLSU,,,
7/15/2021 19:41:43,CASILANG,RAIZA,No,,,,,,,,,
7/15/2021 20:12:47,,,No,,,,,,,,,
7/15/2021 21:20:56,TORIO,ARIEL TROY,Yes,BS AGRICULTURE,2nd Degree,UP LOS BANOS,No,not sure,,,,
7/15/2021 21:24:21,,,No,,,,,,,,,
7/15/2021 21:24:46,BLANCO,JOSE ENRICO PAOLO,Yes,BS FOOD SCIENCE AND TECHNOLOGY,4th Degree,UP LOS BANOS,No,not sure,,,,
7/15/2021 21:25:24,,,Yes,AGRICULTURE,3rd Degree,UP LOS BANOS,No,not sure,DLSU,,,
7/15/2021 21:25:39,,,No,,,,,,,,,
7/15/2021 21:26:22,,,Yes,BS AGRICULTURE,,UP LOS BANOS,No,yes,,,,
7/15/2021 21:29:25,,,No,,,,,,,,,
7/15/2021 21:30:41,RAMIREZ,JOHN LLOYD,DPWAS (learn more at: https://www.reddit.com/r/peyups/comments/b8hqbl/help_what_is_dpwas/),,,,,,,,,UP DILIMAN
7/15/2021 21:34:51,JOSE,,Waitlisted,,,,,,,FOOD TECH,UP LOS BANOS,UP LOS BANOS
7/15/2021 21:36:43,XU,SHARA CINDY,Yes,BS COMMUNITY NUTRITION,3rd Degree,UP DILIMAN,No,yes,,,,
7/15/2021 21:37:09,CORPUZ,LLOYD ANDREI,Yes,BS COMPUTER SCIENCE,3rd Degree,UP MANILA,Yes,not sure,,,,
7/15/2021 21:37:42,,,Yes,BS AGRICULTURE,4th Degree,UP LOS BANOS,No,not sure,,,,
7/15/2021 21:38:59,DANAO,AUDREY NICOLE,DPWAS (learn more at: https://www.reddit.com/r/peyups/comments/b8hqbl/help_what_is_dpwas/),,,,,,,,,UP MANILA
7/15/2021 21:40:01,,,Yes,BS BIOLOGY,1st Degree,UP LOS BANOS,No,yes,,,,
7/15/2021 21:56:01,,,Yes,Los Baños- Agricultural Chemistry,4th Degree,UP LOS BANOS,No,not sure,,,,
7/15/2021 21:56:07,,,No,,,,,,,,,
7/15/2021 21:59:20,,,No,,,,,,,,,
7/15/2021 22:03:18,CALZADO,YORECEL,No,,,,,,,,,
7/15/2021 22:20:58,,,Yes,BS ELECTRONICS ENGINEERING,1st Degree,UP DILIMAN,Yes,yes,,,,
7/16/2021 3:15:22,BRITO,ANGELO IAN,Yes,BS APPLIED PHYSICS,1st Degree,UP LOS BANOS,No,not sure,DLSU,,,
7/16/2021 7:12:16,VALDEZ,ANGEL AIRA,DPWAS (learn more at: https://www.reddit.com/r/peyups/comments/b8hqbl/help_what_is_dpwas/),,,,,,,,,UP MANILA
7/16/2021 9:17:44,,,No,,,,,,,,,
7/16/2021 10:32:14,,,No,,,,,,,,,
7/16/2021 10:53:46,,,No,,,,,,,,,
7/16/2021 11:42:14,yes,we can,No,,,,,,,,,
7/16/2021 11:51:05,BURGONIO,MARIANNE DANIELLE,No,,,,,,,,,
7/16/2021 13:22:22,LIMBO,RYAN RAY,No,,,,,,,,,
7/16/2021 13:30:20,,,No,,,,,,,,,
7/16/2021 13:31:52,,,DPWAS (learn more at: https://www.reddit.com/r/peyups/comments/b8hqbl/help_what_is_dpwas/),,,,,,,,,UP LOS BANOS
7/16/2021 13:55:39,,,No,,,,,,,,,
7/16/2021 14:56:11,MARTIN,,No,,,,,,,,,
7/16/2021 14:56:23,,,Yes,BS ELECTRONICS ENGINEERING ,1st Degree,UP DILIMAN,Yes,no,,,,
7/16/2021 15:23:55,,,No,,,,,,,,,