Timestamp,Email address,LAST NAME (ALL CAPS),FIRST NAME (ALL CAPS),Did you pass the UPCA? ,In which course did you pass? (kindy fill-in the exact name of the course as seen in the letter in ALL CAPS),My above course is my ___ choice.,In which campus?,Is it your first campus choice?,Will you pursue UP?,"If not, then at what University do you plan to study?",In which course are you waitlisted? (kindy fill-in the exact name of the course as seen in the letter in ALL CAPS),In what campus?,In what campus?
15/07/2021 20:39:22,dsabing@src.pshs.edu.ph,ABING,DENISE MELISA,No,,,,,,,,,
16/07/2021 06:59:23,ajualvarez@gmail.com,ALVAREZ,AGUSTO,No,,,,,,,,,
15/07/2021 21:09:06,arthur22lim@gmail.com,ANDRADA,JON DANIEL,No,,,,,,,,,
15/07/2021 22:06:15,sheenandres0527@gmail.com,ANDRES,SHEEN,No,,,,,,,,,
15/07/2021 20:40:49,ctbactad@srdc.pshs.edu.ph,BACTAD,CHRIS ANGELO,No,,,,,,,,,
16/07/2021 02:09:18,johnfelixmarc@gmail.com,BALABAT,JOHN FELIX MARC,Yes,BS ANTHROPOLOGY,4th Degree,UP MINDANAO,No,yes,,,,
16/07/2021 07:16:55,sjonyle@gmail.com,BALUSO,JOHN LEONELL,No,,,,,,,,,
16/07/2021 07:15:26,sjonyle@gmail.com,BARACA,STELLA,No,,,,,,,,,
15/07/2021 21:24:18,ianbarbon0809@gmail.com,BARBON,CHRISTIAN KENTH,No,,,,,,,,,
16/07/2021 07:17:28,sjonyle@gmail.com,BAYHON,CLAIRE,No,,,,,,,,,
15/07/2021 20:54:03,manfelescobar@gmail.com,Berenio,Raph Zyren,No,,,,,,,,,
16/07/2021 07:18:53,sjonyle@gmail.com,BERMUDO,RHOANNE GALE,Waitlisted,,,,,,,BS PHARMACEUTICAL SCIENCES,UP MANILA,
15/07/2021 20:39:23,fbbringas@src.pshs.edu.ph,BRINGAS,FLOREAH GRACE,No,,,,,,,,,
15/07/2021 20:51:10,gcbulaong@src.pshs.edu.ph,BULAONG,GLEN ANDREW,Yes,BS FISHERIES,5th Degree,UP VISAYAS,No,yes,,,,
15/07/2021 20:43:01,epcabactulan@src.pshs.edu.ph,CABACTULAN,ERCOLE FLOYD,No,,,,,,,,,
16/07/2021 07:03:27,marjann23@gmail.com,CALUNGSUD,MARNEIL,No,,,,,,,,,
15/07/2021 20:43:38,kylacamilon03@gmail.com,CAMILON,KYLA MONIQUE,DPWAS (learn more at: https://www.reddit.com/r/peyups/comments/b8hqbl/help_what_is_dpwas/),,,,,,,,,UP VISAYAS
15/07/2021 20:41:40,arjiep.castillon@gmail.com,CASTILLON,ARJIE,No,,,,,,,,,
15/07/2021 21:02:50,cbcastre@src.pshs.edu.ph,CASTRE,CHERRY,DPWAS (learn more at: https://www.reddit.com/r/peyups/comments/b8hqbl/help_what_is_dpwas/),,,,,,,,,UP VISAYAS
15/07/2021 20:51:16,cayubingleeriah@gmail.com,CAYUBIN,GLEE RIAH,No,,,,,,,,,
15/07/2021 21:58:18,joelcelda7@gmail.com,CELDA,JOEL ,No,,,,,,,,,
16/07/2021 07:36:00,sjonyle@gmail.com,CELLONA,FLORENTINO,No,,,,,,,,,
16/07/2021 05:00:36,ezjoshdc@gmail.com,COLONG,EZRA JOSH,No,,,,,,,,,
15/07/2021 20:44:59,cinthcordova@gmail.com,CORDOVA,CINTH MIKAELA,Yes,BS FOOD TECHNOLOGY,4th Degree,UP VISAYAS,No,not sure,,,,
16/07/2021 07:19:19,sjonyle@gmail.com,DAPITON,ZANDRI CHOSEN GRACE,No,,,,,,,,,
15/07/2021 21:06:52,dhdevega@src.pshs.edu.ph,DE VEGA,DENISE NICOLE,No,,,,,,,,,
16/07/2021 07:19:56,sjonyle@gmail.com,DELY,RHEA AUBREY,No,,,,,,,,,
16/07/2021 07:20:38,sjonyle@gmail.com,DINOPOL,PATRICK ANTHONY MATTHEW,No,,,,,,,,,
15/07/2021 20:39:42,zykisriel0434@gmail.com,DOLOROSA,ELIZER,No,,,,,,,,,
15/07/2021 20:41:22,madomingo@src.pshs.edu.ph,DOMINGO ,MAREE IVONNE KYLA ,No,,,,,,,,,
15/07/2021 20:45:57,gabriellejane59@gmail.com,FERNANDEZ,GABRIELLE JANE,No,,,,,,,,,
16/07/2021 07:20:57,sjonyle@gmail.com,FERNANDEZ,HANNAH JOY,No,,,,,,,,,
15/07/2021 20:44:52,dtfrancisco@src.pshs.edu.ph,FRANCISCO,DANIELLA JOAN,No,,,,,,,,,
15/07/2021 21:15:41,jbgabuat@src.pshs.edu.ph,GABUAT,JOSHUA EDWARD,No,,,,,,,,,
15/07/2021 20:47:40,ksgador@src.pshs.edu.ph,GADOR,KRISTEN PAULINE,No,,,,,,,,,
15/07/2021 20:41:59,acerpaul228@gmail.com,GALON,ACER PAUL,Yes,BS CHEMICAL ENGINEERING,1st Degree,UP VISAYAS,No,yes,,,,
15/07/2021 21:10:44,kdgarcia@src.pshs.edu.ph,GARCIA,KRISTIENNE MARIE JYKA,Yes,BS CHEMICAL ENGINEERING,2nd Degree,UP VISAYAS,No,yes,,,,
15/07/2021 20:51:18,stepmuelgelig@gmail.com,GELIG,STEPHEN EMMUEL,No,,,,,,,,,
15/07/2021 20:40:49,golveoprincess04@gmail.com,GOLVEO,PRINCESS GAYLE,No,,,,,,,,,
15/07/2021 20:40:42,gbgrancia@src.pshs.edu.ph,GRANCIA,GWYNETH ESTEFANIE,Yes,BS CHEMICAL ENGINEERING,1st Degree,UP VISAYAS,No,not sure,,,,
16/07/2021 07:22:38,sjonyle@gmail.com,GREGORIO,FARAH MARDELITH,No,,,,,,,,,
15/07/2021 21:48:05,guiangfluryell@gmail.com,GUIANG,FLURYELL,No,,,,,,,,,
15/07/2021 20:41:25,israelbgunay@gmail.com,GUNAY,ISRAEL,Yes,BS COMPUTER SCIENCE,1st Degree,UP VISAYAS,Yes,not sure,Most probably MSU IIT,,,
15/07/2021 20:39:40,joshua11krisean@gmail.com,HABABAG,JOSHUA KRISEAN,No,,,,,,,,,
16/07/2021 06:59:03,joehautea.official@gmail.com,HAUTEA,JUSTIN OLIVER,Yes,BS ARCHITECTURE ,1st Degree,UP MINDANAO,No,not sure,,,,
15/07/2021 21:07:59,ldhostallero@src.pshs.edu.ph,HOSTALLERO,LARA DANE,No,,,,,,,,,
16/07/2021 06:58:49,jebrilibrahim333@gmail.com,IBRAHIM,JEBRIL,No,,,,,,,,,
15/07/2021 20:54:51,migueljolero@gmail.com,JOLERO,MIGUEL II,No,,,,,,,,,
16/07/2021 07:22:58,sjonyle@gmail.com,KUAN,ANYA,No,,,,,,,,,
15/07/2021 21:59:10,takeoffyousecaptobe@gmail.com,LACANARIA,KYLE DHANE,No,,,,,,,,,
15/07/2021 20:41:25,krisglapaz@gmail.com,LAPAZ,KRISTINE GRACE,No,,,,,,,,,
16/07/2021 06:56:50,migsleysa10@gmail.com,LEYSA,JOEL MIGUEL,No,,,,,,,,,
15/07/2021 20:47:29,vincejaphethloable@gmail.com,LOABLE,VINCE JAPHETH,No,,,,,,,,,
15/07/2021 20:50:06,gevenalucman@gmail.com,LUCMAN,GEVENA JANNAH,Yes,BS CHEMISTRY,1st Degree,UP VISAYAS-ILOILO,No,not sure,,,,
15/07/2021 20:47:05,cbmacalisang@src.pshs.edu.ph,MACALISANG,CESCA,Yes,BS AGRIBUSINESS ECONOMICS,4th Degree,UP MINDANAO,No,no,WVSU,,,
15/07/2021 20:39:32,madayagralphbenedict@gmail.com,MADAYAG,RALPH BENEDICT ,No,,,,,,,,,
15/07/2021 20:40:27,zianlloydmagalong@gmail.com,MAGALONG,ZIAN LLOYD,No,,,,,,,,,
15/07/2021 21:40:05,ianquickdraw@gmail.com,MAGLINES,GIAN CARLO,No,,,,,,,,,
15/07/2021 20:55:21,johnangelopm@gmail.com,MALLO,JOHN ANGELO,No,,,,,,,,,
15/07/2021 20:58:41,samuelmamburam@gmail.com,MAMBURAM,SAMUEL JOSHUA,No,,,,,,,,,
15/07/2021 20:51:27,marivelestam@gmail.com,MARIVELES,TRINITY ANNE,Yes,BS FOOD TECHNOLOGY,1st Degree,UP MINDANAO,Yes,not sure,,,,
15/07/2021 20:43:23,rheanamindo@gmail.com,MINDO,RHEANA,Yes,BS COMPUTER SCIENCE,1st Degree,UP LOS BANOS,Yes,not sure,MSU-IIT,,,
15/07/2021 20:46:30,annethereselmontano1@gmail.com,MONTAÑO,ANNE THERESE,No,,,,,,,,,
15/07/2021 20:45:53,johanisahnaga@gmail.com,NAGA,JOHANISAH,DPWAS (learn more at: https://www.reddit.com/r/peyups/comments/b8hqbl/help_what_is_dpwas/),,,,,,,,,UP MINDANAO
15/07/2021 22:12:52,francispalacionequinto@gmail.com,NEQUINTO,FRANCIS,No,,,,,,,,,
15/07/2021 20:41:43,ochoasamantha213@gmail.com,OCHOA,ALTHEA SAMANTHA,Yes,BS AGRIBUSINESS ECONOMICS ,3rd Degree,UP MINDANAO,No,not sure,I’m not sure yet,,,
16/07/2021 07:30:06,sjonyle@gmail.com,ORONG,RENDON JANN,No,,,,,,,,,
15/07/2021 20:40:22,japaclibar@src.pshs.edu.ph,PACLIBAR ,JULIAN NICOLA,No,,,,,,,,,
16/07/2021 07:01:28,palmesmj24@gmail.com,PALMES,MICHAEL JOSH,No,,,,,,,,,
15/07/2021 21:10:32,zappo93.buzz@gmail.com,PARAGAS,VINCENT PHILIP,No,,,,,,,,,
16/07/2021 07:30:49,sjonyle@gmail.com,PASCUA,FRODEL BENEDICT CYRIL,No,,,,,,,,,
16/07/2021 01:35:39,francisjonpasion21@gmail.com,PASION,FRANCIS JON,No,,,,,,,,,
16/07/2021 07:35:31,mtpedrajas@src.pshs.edu.ph,PEDRAJAS ,MAITA,No,,,,,,,,,
15/07/2021 21:01:21,pineda.carlosms@gmail.com,PINEDA,CARLOS MIGUEL,No,,,,,,,,,
16/07/2021 07:32:18,sjonyle@gmail.com,PINGOY,GERARD IAN,Waitlisted,,,,,,,BS CHEMISTRY,UP VISAYAS,
15/07/2021 20:40:08,markdavinq@gmail.com,QUIMNO,MARK DAVIN,No,,,,,,,,,
15/07/2021 20:42:29,twraotraot@src.pshs.edu.ph,RAOTRAOT,THRISTAN,Yes,BS APPLIED MATHEMATICS,1st Degree,UP MINDANAO,No,no,ADMU,,,
15/07/2021 20:47:11,andrereganit14@gmail.com,REGANIT,NICOEL ANDRE,No,,,,,,,,,
16/07/2021 07:33:48,sjonyle@gmail.com,REMITIO,ESTELA MAE,Yes,BS FOOD TECHNOLOGY,1st Degree,UP VISAYAS,No,not sure,,,,
15/07/2021 21:14:18,paulxavierroma@gmail.com,ROMA,PAUL XAVIER,No,,,,,,,,,
16/07/2021 07:34:27,sjonyle@gmail.com,SABADO,JENNY ROSE,No,,,,,,,,,
16/07/2021 07:35:19,sjonyle@gmail.com,SALANGA,ROMMEL JOHN,Yes,BS FOOD TECHNOLOGY,2nd Degree,UP VISAYAS,No,no,WVSU,,,
16/07/2021 06:52:17,shnickyanne@gmail.com,SOLIS,NICKY ANNE,No,,,,,,,,,
15/07/2021 20:39:23,sjonyle@gmail.com,SURIAGA,JONYLE,Yes,BS Industrial Engineering,2nd Degree,UP DILIMAN,Yes,no,DLSU,,,
15/07/2021 20:39:44,aetan@src.pshs.edu.ph,TAN,ALEXANDRIA ,No,,,,,,,,,
15/07/2021 21:01:11,tanicalafranco@yahoo.com,TANICALA,FRANCO,No,,,,,,,,,
15/07/2021 20:39:33,cptanudtanud@src.pshs.edu.ph,TANUDTANUD,CELRIC JOSHUA,No,,,,,,,,,
16/07/2021 07:04:30,iamtrixxielouissetugano@gmail.com,TUGANO,TRIXXIE LOUISSE,Waitlisted,,,,,,,BS FOOD TECHNOLOGY,UP VISAYAS,
15/07/2021 20:39:33,frompolariscamevega@gmail.com,VEGA,ADRIAN ERLE,No,,,,,,,,,
15/07/2021 21:02:43,mfvenus@src.pshs.edu.ph,VENUS,MARK FRANCIS,No,,,,,,,,,
,,ARABIT ,JULE CYRUS,No,,,,,,,,,
,,AMPATUAN,ABDULHAQQ,No,,,,,,,,,