Timestamp,"LAST NAME (ALL CAPS, OPTIONAL)","FIRST NAME (ALL CAPS, OPTIONAL)",Did you pass the UPCA? ,In which course did you pass? (kindy fill-in the exact name of the course as seen in the letter in ALL CAPS),My above course is my ___ choice.,In which campus?,Is it your first campus choice?,Will you pursue UP?,"If not, then at what University do you plan to study?",In which course are you waitlisted? (kindy fill-in the exact name of the course as seen in the letter in ALL CAPS),In what campus?,In what campus?
7/15/2021 18:06:32,,FRANCINE,Yes,BS MATHEMATICS,1st Degree,UP DILIMAN,Yes,No,ATENEO DE MANILA UNIVERSITY,,,
7/15/2021 18:12:15,INSIGNE,EWEMIZ,Yes,BS PHYSICS,1st Degree,UP DILIMAN,Yes,No,Gap year <3,,,
7/15/2021 18:17:29,,,Yes,BS PUBLIC HEALTH,1st Degree,UP MANILA,Yes,No,ADMU,,,
7/15/2021 18:49:15,,,Yes,BS SPEECH PATHOLOGY,1st Degree,UP MANILA,Yes,Yes,,,,
7/15/2021 19:00:44,,,No,,,,,,,,,
7/15/2021 19:01:13,,,Yes,BS CHEMICAL ENGINEERING,1st Degree,UP DILIMAN,Yes,Yes,,,,
7/15/2021 19:04:41,,,Yes,BS PUBLIC HEALTH,1st Degree,UP VISAYAS,Yes,No,,,,
7/15/2021 19:05:33,,,Yes,FOOD SCIENCE,1st Degree,UP VISAYAS,No,Not sure,DLS-CSB,,,
7/15/2021 19:06:11,,,Yes,BS BIOLOGY,2nd Degree,UP VISAYAS,Yes,No,WVSU,,,
7/15/2021 19:06:51,,,Yes,PUBLIC HEALTH,1st Degree,UP VISAYAS,No,Yes,,,,
7/15/2021 19:09:19,ESCARILLA,YURI,Yes,BS PHARMACY (5 YRS),1st Degree,UP MANILA,Yes,Yes,,,,
7/15/2021 19:12:05,,,Yes,BS PUBLIC HEALTH,1st Degree,UP VISAYAS,Yes,Yes,,,,
7/15/2021 19:14:06,,,Waitlisted,,,,,,,BS Applied Physics,UP LOS BANOS,UP LOS BANOS
7/15/2021 19:14:28,LUCIDO,,Yes,BS MECHANICAL ENGINEERING,1st Degree,UP DILIMAN,Yes,Yes,,,,
7/15/2021 19:15:20,,,DPWAS (learn more at: https://www.reddit.com/r/peyups/comments/b8hqbl/help_what_is_dpwas/),,,,,,,,,UP DILIMAN
7/15/2021 19:20:14,MONANA,JOECILE,DPWAS (learn more at: https://www.reddit.com/r/peyups/comments/b8hqbl/help_what_is_dpwas/),,,,,,,,,UP DILIMAN
7/15/2021 19:31:54,,,No,,,,,,,,,
7/15/2021 19:35:00,,,Waitlisted,,,,,,,BA PSYCHOLOGY,UP VISAYAS,UP VISAYAS
7/15/2021 19:40:28,,,Yes,FOOD TECHNOLOGY,2nd Degree,UP VISAYAS,No,Yes,,,,
7/15/2021 20:18:14,,,No,,,,,,,,,
7/15/2021 20:18:36,,,Waitlisted,,,,,,,BS FOOD TECHNOLOGY,UP VISAYAS,UP VISAYAS
7/15/2021 20:20:58,,,Yes,BS PHYSICAL THERAPY,1st Degree,UP MANILA,Yes,No,Maritime Academy of Asia and the Pacific,,,
7/15/2021 20:22:04,,,Yes,CHEMICAL ENGINEERING ,1st Degree,UP DILIMAN,Yes,Yes,,,,
7/15/2021 20:22:18,,,Yes,BS COMMUNITY NUTRITION,3rd Degree,UP DILIMAN,Yes,Yes,,,,
7/15/2021 20:22:26,,,Yes,BS CHEMICAL ENGINEERING,1st Degree,UP VISAYAS,No,Yes,,,,
7/15/2021 20:23:57,,,Yes,OCCUPATIONAL THERAPY,2nd Degree,UP MANILA,Yes,No,,,,
7/15/2021 20:32:10,,,No,,,,,,,,,
7/15/2021 20:34:08,,,Yes,BS CHEMICAL ENGINEERING,1st Degree,UP VISAYAS,No,Yes,,,,
7/15/2021 20:37:16,,,Yes,BS MATHEMATICS,1st Degree,UP DILIMAN,Yes,No,ADMU,,,
7/15/2021 20:43:11,BRIONES,MA. MAIZZY JENRYLLE,Yes,Public Health,4th Degree,UP VISAYAS,No,No,Universiy of Santo Thomas,,,
7/15/2021 20:44:24,,,No,,,,,,,,,
7/15/2021 21:12:10,,,Yes,BS APPLIED PHYSICS,1st Degree,UP DILIMAN,Yes,Yes,,,,
7/15/2021 21:17:30,CO,MAXINNE LOUISE DOMINIQUE,Yes,BS COMPUTER SCIENCE,1st Degree,UP DILIMAN,Yes,No,ADMU,,,
7/15/2021 21:49:42,,,Yes,BS STATISTICS ,1st Degree,UP DILIMAN,Yes,No,Ateneo de Manila University ,,,
7/15/2021 22:01:21,,,Yes,BS FOOD TECHNOLOGY,1st Degree,UP VISAYAS,No,Yes,,,,
7/15/2021 22:29:26,,,DPWAS (learn more at: https://www.reddit.com/r/peyups/comments/b8hqbl/help_what_is_dpwas/),,,,,,,,,UP DILIMAN
7/15/2021 22:46:19,,,Yes,BS AGRICULTURAL CHEMISTRY ,1st Degree,UP LOS BANOS,Yes,Yes,,,,
7/15/2021 23:15:01,MOLINA,RYNE JETHRO,Yes,BS APPLIED PHYSICS,1st Degree,UP DILIMAN,Yes,Not sure,De La Salle University - Laguna Campus,,,
7/15/2021 23:55:41,,,Yes,BS APPLIED PHYSICS,1st Degree,UP DILIMAN,Yes,Yes,,,,
7/15/2021 23:59:48,,,Yes,BS FISHERIES,3rd Degree,UP VISAYAS,No,Not sure,,,,
7/16/2021 5:31:18,,,Yes,BS PUBLIC HEALTH,1st Degree,UP VISAYAS,Yes,No,DLSU Laguna,,,
7/16/2021 8:27:48,,,Yes,BS MOLECULAR BIOLOGY AND BIOTECHNOLOGY,1st Degree,UP DILIMAN,Yes,Yes,,,,
7/16/2021 8:29:42,,,Yes,BS COMPUTER SCIENCE,2nd Degree,UP VISAYAS,No,Yes,,,,
7/16/2021 8:32:08,ALBALADEJO,VENN DEO JUSTIN ,No,,,,,,,,,
7/16/2021 8:32:13,,,Yes,BS in Fisheries,4th Degree,UP VISAYAS,Yes,No,WVSU,,,
7/16/2021 8:32:54,,,Yes,BS GEOLOGY,1st Degree,UP DILIMAN,Yes,Yes,,,,
7/16/2021 8:33:36,SOLDEVILLA,THOREENZ,Yes,BS PHYSICS,1st Degree,UP DILIMAN,Yes,Yes,,,,
7/16/2021 8:36:26,,,No,,,,,,,,,
7/16/2021 8:57:07,,,Yes,BS COMPUTER SCIENCE,1st Degree,UP VISAYAS,No,Yes,,,,
7/16/2021 8:57:15,,,Yes,BS Biochemistry,1st Degree,UP MANILA,Yes,Yes,,,,
7/16/2021 8:58:55,,,No,,,,,,,,,
7/16/2021 9:13:11,,,DPWAS (learn more at: https://www.reddit.com/r/peyups/comments/b8hqbl/help_what_is_dpwas/),,,,,,,,,UP MANILA
7/16/2021 9:18:05,SERRATO,NICO ANDREI,Yes,BS Computer Science,1st Degree,UP Cebu,Yes,No,De La Salle University,,,
7/16/2021 9:34:01,,,Yes,BA PSYCHOLOGY,1st Degree,UP VISAYAS,No,No,Western Visayas State University,,,
7/16/2021 9:46:06,,,Yes,BS PUBLIC HEALTH,1st Degree,UP VISAYAS,Yes,No,WVSU,,,
7/16/2021 9:47:26,SY,LANCE CHRISTIAN,No,,,,,,,,,
7/16/2021 10:48:11,,,Yes,BS Chemistry,1st Degree,UP DILIMAN,Yes,Yes,,,,
7/16/2021 12:52:09,,,Yes,BS AGRIBUSINESS MANAGEMENT AND ENTREPRENEURSHIP ,1st Degree,UP LOS BANOS,Yes,No,ADMU,,,
7/16/2021 13:06:19,,,Yes,BS BIOLOGY,2nd Degree,UP VISAYAS,Yes,Not sure,,,,
7/16/2021 13:07:58,,,Yes,BS COMMUNITY NUTRITION,2nd Degree,UP DILIMAN,Yes,No,Ateneo de Manila University,,,
7/16/2021 13:09:29,,,Yes,BS PHARMACEUTICAL SCIENCES,1st Degree,UP MANILA,Yes,Yes,,,,
7/16/2021 13:11:45,,,Yes,BS ELECTRONICS ENGINEERING,1st Degree,UP DILIMAN,Yes,No,,,,
7/16/2021 13:20:56,,,Yes,BS Bio,2nd Degree,UP VISAYAS,No,No,CPU,,,
7/16/2021 14:19:43,NAVARRA,ZEDDREX,Yes,BS STATISTICS,3rd Degree,UP DILIMAN,Yes,Yes,,,,
7/16/2021 14:30:03,,,Yes,ECONOMICS,1st Degree,UP VISAYAS,No,Not sure,ISAT U,,,
7/16/2021 16:51:43,,,Yes,BS COMPUTER SCIENCE,5th Degree,UP ILOILO,No,Yes,,,,
7/16/2021 20:46:37,,,No,,,,,,,,,
7/17/2021 9:25:51,,,No,,,,,,,,,
7/17/2021 9:41:39,,,No,,,,,,,,,
7/17/2021 9:41:41,,,No,,,,,,,,,
7/17/2021 12:07:13,,,No,,,,,,,,,
7/17/2021 14:33:33,,,Yes,BS BIOLOGY,1st Degree,UP VISAYAS,Yes,Not sure,,,,
7/17/2021 17:44:53,,,Yes,PUBLIC HEALTH,1st Degree,UP VISAYAS,Yes,No,DLSU,,,
7/18/2021 15:17:43,,,Yes,BA FISHERIES,3rd Degree,UP VISAYAS,No,Yes,,,,
7/19/2021 9:06:49,TESORO,JUAN CARLOS,No,,,,,,,,,
7/19/2021 10:27:21,,,No,,,,,,,,,