Timestamp,Email Address,LAST NAME (ALL CAPS),FIRST NAME (ALL CAPS),Did you pass the UPCA? ,In which course did you pass? (kindy fill-in the exact name of the course as seen in the letter in ALL CAPS),My above course is my ___ choice.,In which campus?,Is it your first campus choice?,Will you pursue UP?,"If not, then at what University do you plan to study?",In which course are you waitlisted? (kindy fill-in the exact name of the course as seen in the letter in ALL CAPS),In what campus?,In what campus?
7/15/2021 20:53:38,jilliana.sorquia@carc.pshs.edu.ph,SORQUIA,JILLIANA MARIE,No,,,,,,,,,
7/15/2021 20:53:40,mickel.kinomes@carc.pshs.edu.ph,KINOMES,MICKEL PAUL,DPWAS (learn more at: https://www.reddit.com/r/peyups/comments/b8hqbl/help_what_is_dpwas/),,,,,,,,,UP BAGUIO
7/15/2021 20:53:52,matheus.dario@carc.pshs.edu.ph,DARIO,JAN MATHEUS,No,,,,,,,,,
7/15/2021 20:53:52,manuel.flores@carc.pshs.edu.ph,FLORES,MANUEL IV,No,,,,,,,,,
7/15/2021 20:53:55,lchesterlloyd18@gmail.com,LOMBOY,CHESTER LLOYD,Yes,BS GEOLOGY,1st Degree,UP DILIMAN,Yes,Yes,,,,
7/15/2021 20:54:00,drake.panlaqui@carc.pshs.edu.ph,PANLAQUI,DRAKE RONEALE,Yes,BS HOME ECONOMICS,3rd Degree,UP DILIMAN,Yes,Yes,,,,
7/15/2021 20:54:15,jemielyn.lacap@carc.pshs.edu.ph,LACAP,JEMIELYN RUTH,Yes,BS HUMAN ECOLOGY,1st Degree,UP LOS BANOS,No,Yes,,,,
7/15/2021 20:54:20,lance.rimando@carc.pshs.edu.ph,RIMANDO,LANCE,Yes,BS COMPUTER SCIENCE,1st Degree,UP BAGUIO,Yes,Yes,,,,
7/15/2021 20:54:21,krishia.delacruz@carc.pshs.edu.ph,DELA CRUZ,KRISHIA,Yes,BS CHEMISTRY,2nd Degree,UP DILIMAN,Yes,Yes,,,,
7/15/2021 20:54:25,jezriel.sison@carc.pshs.edu.ph,SISON,JEZRIEL THEANA,Yes,BS ELECTRONICS ENGINEERING ,1st Degree,UP DILIMAN,Yes,Yes,,,,
7/15/2021 20:54:31,adam.saludares@carc.pshs.edu.ph,SALUDARES,ADAM JUSTINE,Yes,BS COMPUTER ENGINEERING,2nd Degree,UP DILIMAN,Yes,Yes,,,,
7/15/2021 20:54:58,trizza.sanchez@carc.pshs.edu.ph,SANCHEZ,TRIZZA GRAIL,No,,,,,,,,,
7/15/2021 20:54:59,christian.rabaya@carc.pshs.edu.ph,RABAYA,CHRISTIAN NIKOLAI,Yes,BS ELECTRONICS ENGINEERING,1st Degree,UP DILIMAN,Yes,Yes,,,,
7/15/2021 20:55:08,Lanz.flores@carc.pshs.edu.ph,FLORES,LANZ ANDRE KRISTOFF,No,,,,,,,,,
7/15/2021 20:55:19,andres.maitaisabel@gmail.com,ANDRES,MAITA ISABEL,No,,,,,,,,,
7/15/2021 20:55:21,juan.orille@carc.pshs.edu.ph,ORILLE,JUAN MIGUEL SEBASTIAN,Yes,BS CHEMICAL ENGINEERING,1st Degree,UP DILIMAN,Yes,Unsure,Ateneo de Manila University,,,
7/15/2021 20:55:39,julia.corona@carc.pshs.edu.ph,COROÑA,JULIA MARGARET,No,,,,,,,,,
7/15/2021 20:55:50,waniyangot@gmail.com,YANGOT,KATHLEA FRANCYNN GAWANI,DPWAS (learn more at: https://www.reddit.com/r/peyups/comments/b8hqbl/help_what_is_dpwas/),,,,,,,,,UP DILIMAN
7/15/2021 20:56:07,colleen.tenerife@carc.pshs.edu.ph,TENERIFE,COLLEEN ASTRAEA,No,,,,,,,,,
7/15/2021 20:56:20,resurreccionkyla14@gmail.com,RESURRECCION,KYLA ANJELI,Yes,BA POLITICAL SCIENCE,3rd Degree,UP DILIMAN,Yes,Yes,,,,
7/15/2021 20:56:29,renee.garin@carc.pshs.edu.ph,GARIN,RENEE ISABEL,Yes,BS Metallurgical Engineering,2nd Degree,UP DILIMAN,Yes,Yes,,,,
7/15/2021 20:57:06,japhet.magollado@carc.pshs.edu.ph,MAGOLLADO,JAPHET NATHAN,DPWAS (learn more at: https://www.reddit.com/r/peyups/comments/b8hqbl/help_what_is_dpwas/),,,,,,,,,UP MANILA
7/15/2021 20:57:32,zyanne.aquino@carc.pshs.edu.ph,AQUINO,ZYANNE AGNESHKA,Yes,BS FOOD TECHNOLOGY,4th Degree,UP DILIMAN,Yes,Yes,,,,
7/15/2021 20:57:55,jelms.dacquel@carc.pshs.edu.ph,DACQUEL,JELMS WATTS,Yes,BS PHARMACEUTICAL SCIENCES,2nd Degree,UP MANILA,Yes,Yes,,,,
7/15/2021 20:58:35,kyrlljaycantago1@gmail.com,CANTAGO,KYRLL JAY,DPWAS (learn more at: https://www.reddit.com/r/peyups/comments/b8hqbl/help_what_is_dpwas/),,,,,,,,,UP MANILA
7/15/2021 20:59:18,russell.lumiqued@carc.pshs.edu.ph,LUMIQUED,RUSSELL JAY,DPWAS (learn more at: https://www.reddit.com/r/peyups/comments/b8hqbl/help_what_is_dpwas/),,,,,,,,,UP MANILA
7/15/2021 20:59:18,allesandra.mendoza@carc.pshs.edu.ph,MENDOZA,ALLESANDRA NOELLE,DPWAS (learn more at: https://www.reddit.com/r/peyups/comments/b8hqbl/help_what_is_dpwas/),,,,,,,,,UP MANILA
7/15/2021 21:00:15,jan.laroya@carc.pshs.edu.ph,LAROYA,JAN NASH ,No,,,,,,,,,
7/15/2021 21:00:38,robin.tajero@carc.pshs.edu.ph,TEJERO,ROBIN GRANT,Yes,BS BIOCHEMISTRY,1st Degree,UP MANILA,Yes,Yes,,,,
7/15/2021 21:00:47,rueven.daza@carc.pshs.edu.ph,DAZA,RUEVEN KYLE,No,,,,,,,,,
7/15/2021 21:01:42,jazmin.bastian@carc.pshs.edu.ph,BASTIAN,JAZMIN JAYMEE JANE,No,,,,,,,,,
7/15/2021 21:03:18,precious.sahagun@carc.pshs.edu.ph,SAHAGUN,PRECIOUS SIE,Yes,BS ELECTRONICS ENGINEERING,1st Degree,UP DILIMAN,Yes,Yes,,,,
7/15/2021 21:04:15,luke.baltazar@carc.pshs.edu.ph,BALTAZAR,LUKE RAFAEL,No,,,,,,,,,
7/15/2021 21:04:37,ezekiel.aquino@carc.pshs.edu.ph,AQUINO,EZEKIEL,Yes,VETERINARY MEDICINE,4th Degree,UP LOS BANOS,Yes,Unsure,Philippine State College of Aeronautics(if admitted),,,
7/15/2021 21:06:19,glinel.molo@carc.pshs.edu.ph,MOLO,GLINEL,Yes,PHARMACEUTICAL SCIENCES,1st Degree,UP MANILA,Yes,Yes,,,,
7/15/2021 21:07:51,francis.alog@carc.pshs.edu.ph,ALOG,FRANCIS ANDREA,Yes,BS PHARMACY,1st Degree,UP MANILA,Yes,Unsure,,,,
7/15/2021 21:08:47,aginayairene09@gmail.com,TOLENADA,AGINAYA IRENE,No,,,,,,,,,
7/15/2021 21:11:40,frankie.subala@carc.pshs.edu.ph,SUBALA,FRANKIE,DPWAS (learn more at: https://www.reddit.com/r/peyups/comments/b8hqbl/help_what_is_dpwas/),,,,,,,,,UP MANILA
7/15/2021 21:12:00,jullia.patol@carc.pshs.edu.ph,PATOL,JULLIA,No,,,,,,,,,
7/15/2021 21:12:30,adriane.real@carc.pshs.edu.ph,REAL,ADRIANE JOSH,Yes,"UP LOS BANOS, BS APPLIED PHYSICS",1st Degree,UP LOS BANOS,No,Unsure,"I will pursue UP if they allow me to transfer to UPB Com Sci. If they don't allow the transfer and I don't pass on the DOST Scholarship, I will pursue my course and campus. If they don't allow the transfer but I pass the DOST Scholarship, I will go to SLU to study Electrical Engineering.  ",,,
7/15/2021 21:16:13,lanz.conanan@carc.pshs.edu.ph,CONANAN,LANZ ANJELO,Yes,BS COMPUTER SCIENCE,1st Degree,UP DILIMAN,Yes,Yes,,,,
7/15/2021 21:18:39,joshuadavid.agustin@carc.pshs.edu.ph,AGUSTIN,JOSHUA DAVID ,No,,,,,,,,,
7/15/2021 21:26:43,carlmortel0612@gmail.com,MORTEL,BOBBY CARL,Waitlisted,,,,,,,BS Math,UP BAGUIO,
7/15/2021 21:26:57,reanne.manongsong@carc.pshs.edu.ph,MANONGSONG,REANNE EDEN,Yes,BS CHEMICAL ENGINEERING,1st Degree,UP DILIMAN,Yes,No,Ateneo de Manila University,,,
7/15/2021 21:33:11,krista.acantilado@carc.pshs.edu.ph,ACANTILADO,KRISTA HELENA,No,,,,,,,,,
7/15/2021 21:36:55,marctindoc@gmail.com,TINDOC,MARC DENVER ,No,No,,,,,,,,
7/15/2021 21:38:01,hannah.cerezo@carc.pshs.edu.ph,CEREZO,HANNAH,DPWAS (learn more at: https://www.reddit.com/r/peyups/comments/b8hqbl/help_what_is_dpwas/),,,,,,,,,UP BAGUIO
7/15/2021 21:45:55,adam.alejandre@carc.pshs.edu.ph,ALEJANDRE,ADAM,No,,,,,,,,,
7/15/2021 22:07:14,trisha.calosing@carc.pshs.edu.ph,CALOSING,TRISHA JOYCE,Yes,BS COMPUTER SCIENCE,2nd Degree,UP BAGUIO,No,Unsure,SAINT LOUIS UNIVERSITY BAGUIO CITY,,,
7/15/2021 22:08:52,vince.pena@carc.pshs.edu.ph,PEÑA,VINCE EMMANUEL,Yes,BS CHEMICAL ENGINEERING,1st Degree,UP LOS BANOS,Yes,Yes,,,,
7/15/2021 22:13:19,abriomaiii@gmail.com,ABRIO,MARIO,Yes,COMPUTER SCIENCE,1st Degree,UP LOS BANOS,No,Unsure,MAPUA,,,
7/15/2021 22:16:26,grebs2020@gmail.com,FACULLO,AHRENDSBERG,No,,,,,,,,,
7/15/2021 22:31:40,ansharidalan@gmail.com,DALAN,ANSHARI KIRSTEN,Yes,BS CHEMICAL ENGINEERING ,1st Degree,UP DILIMAN,Yes,Yes,,,,
7/15/2021 22:53:10,julio.g.esguerra@gmail.com,ESGUERRA ,JULIO FERNANDO ,No,,,,,,,,,
7/15/2021 23:12:50,grandemir.baysapee@carc.pshs.edu.ph,BAYSA-PEE,GRANDEMIR,Yes,BS COMPUTER SCIENCE,1st Degree,BAGUIO,Yes,Yes,n/a,,,
7/15/2021 23:54:12,krisandrea.serafica@carc.pshs.edu.ph,SERAFICA,KRISANDRA MAE,Yes,BS PHARMACY,1st Degree,UP MANILA,Yes,Yes,,,,
7/16/2021 1:51:21,sebastian.casem@yahoo.com,CASEM,JUAN SEBASTIAN ,Yes,BS Materials Engineering,2nd Degree,UP DILIMAN,Yes,Yes,,,,
7/16/2021 3:20:25,nicole.eslava@carc.pshs.edu.ph,ESLAVA,NICOLE ANN,Yes,BS PHARMACEUTICAL SCIENCES (5 YRS),4th Degree,UP MANILA,Yes,Yes,none,,,
7/16/2021 6:34:27,nique.alday@gmail.com,ALDAY,KAELA DOMINIQUE,DPWAS (learn more at: https://www.reddit.com/r/peyups/comments/b8hqbl/help_what_is_dpwas/),,,,,,,,,UP MANILA
7/16/2021 6:37:15,adrien.macusi@carc.pshs.edu.ph,MACUSI,ADRIEN KEITH ORENCIO,Yes,AGRICULTURAL & BIOSYSTEMS ENGINEERING,2nd Degree,UP LOS BANOS,No,Yes,N/A,,,
7/16/2021 7:40:55,dylan.uy@carc.pshs.edu.ph,UY,DYLAN,No,,,,,,,,,
7/16/2021 8:03:01,karl.adeban@carc.pshs.edu.ph,ADEBAN,KARL ANGEL,No,,,,,,,,,
7/16/2021 8:25:39,kyradaphnebg@gmail.com,GONZALES,KYRA DAPHNE,No,,,,,,,,,
7/16/2021 11:21:22,lemuel.banganga@carc.pshs.edu.ph,BANGANGA,LEMUEL,Yes, BS COMPUTER SCIENCE,3rd Degree,UP BAGUIO,Yes,No,SLU BAGUIO,,,
7/16/2021 11:21:59,hendrixvinluan21@gmail.com,VINLUAN,HENDRIX ALBERT,No,,,,,,,,,
7/16/2021 11:22:05,jonbauto522@gmail.com,BAUTO,JON FELIPE,No,,,,,,,,,
7/16/2021 11:25:48,ian.aguilar.dc@gmail.com,DELA CRUZ,IAN KENNETH,No,,,,,,,,,
7/16/2021 11:26:58,danielle.gayaman@carc.pshs.edu.ph,GAYAMAN,DANIELLE SHARON,No,,,,,,,,,
7/16/2021 11:36:31,jats.sagario@gmail.com,SAGARIO,JANVHER,Yes,BS COMPUTER ENGINEERING,1st Degree,UP DILIMAN,Yes,Yes,,,,
7/16/2021 11:51:14,edzel.molina@carc.pshs.edu.ph,MOLINA,EDZEL,Yes,BS CHEMICAL ENGINEERING ,2nd Degree,UP DILIMAN,Yes,Yes,,,,
7/16/2021 12:08:55,elija.saliba@carc.pshs.edu.ph,SALIBA,ELIJAH,No,,,,,,,,,
7/16/2021 12:23:18,justin.parreno@carc.pshs.edu.ph,PARREÑO,JUSTIN FLYNN,Yes,BS PHYSICS,1st Degree,UP BAGUIO,Yes,Yes,,,,